{"cameraMode":{"drawMode":0,"name":"Shaded","section":"Shading Mode"},"sceneLighting":true,"audioPlay":false,"sceneViewState":{"showFog":false,"showMaterialUpdate":false,"showSkybox":false,"showFlares":false,"showImageEffects":false,"showParticleSystems":true},"in2DMode":false,"pivot":{"x":-9.791866302490235,"y":0.7141001224517822,"z":-3.171851634979248},"rotation":{"x":0.2645038366317749,"y":-0.2504022717475891,"z":0.07132697850465775,"w":0.928573489189148},"size":3.6994898319244386,"orthographic":false}